Ingredients, Dark Rum, Light Rum, Gold Rum, Curacao, Lemon Juice, Pina Colada, Orange Juice, Simple Syrup, Passionfruit Syrup, Lime Juice, Pineapple Juice, Orgeat
BottleSize, 33.8, 60.0, 59.0, 33.0, 32.0, 39.0, 64.0, 33.8, 33.8, 16.0, 64.0, 33.8
Dispensed, 10.365882353, 0.620357142857, 0.75, 0.375, 10.5988340336, 1.07119186047, 28.4155357143, 20.165, 27.5866911766, 4.44174418605, 59.1050840338, 1.51357142857
